Acarapis woodi,A. woodi,Acarapis,Tarsonemidae,Trombidiformes,Acarina,Arthropoda,Animal,Acariasis tracheal mite
Acarapis woodi,A. woodi,Acarapis,Tarsonemidae,Trombidiformes,Arachnida,Arthropoda,Animal,Tracheal mite
Acrogonia terminalis,A. terminalis,Acrogonia,Cicadellidae,Hemiptera,Insecta,Arthropoda,Animal,Sharpshooter
African horse sickness virus,Orbivirus,Reoviridae,Virus,African horse sickness
African swine fever virus,Asfivirus,Asfarviridae,Virus,African swine fever
Alcelaphine gammaherpesvirus 1,Macavirus,Herpesviridae,Herpesvirales,Virus,Malignant catarrhal fever,Alecelaphine herpes virus
Anaplasma,Ehrlichiaceae,Proteobacteria,Bacteria,Anaplasmiosis
Anastrepha fraterculus,A. fraterculus,Anastrepha,Tephritidae,Diptera,Insecta,Arthropoda,Animal,South American fruit fly
Anastrepha ludens,A. ludens,Anastrepha,Tephritidae,Diptera,Insecta,Arthropoda,Animal,Mexican fruit fly
Anastrepha suspensa,A. suspensa,Anastrepha,Tephritidae,Diptera,Insecta,Arthropoda,Animal,Caribbean fruit fly
Anatid alphaherpesvirus 1,Mardivirus,Herpesviridae,Herpesvirales,Virus,Duck viral enteritis,Duck plague,Anatid herpesvirus 1
Anoplophora chinensis,A. chinensis,Anoplophora,Cerambycidae,Coleoptera,Insecta,Arthropoda,Animal,Citrus longhorn beetle
Anoplophora glabripennis,A. glabripennis,Anoplophora,Cerambycidae,Coleoptera,Insecta,Arthropoda,Animal,Asian longhorn beetle
Anoplophora malasiaca,A. malasiaca,Anoplophora,Cerambycidae,Coleoptera,Insecta,Arthropoda,Animal,White-spotted longhorn beetle
Apis cerana,A. cerana,Apis,Apidae,Hymenoptera,Insecta,Arthropoda,Animal,Asian honey bee
Apis dorsata,A. dorsata,Apis,Apidae,Hymenoptera,Insecta,Arthropoda,Animal,Giant honey bee
Apis florea,A. florea,Apis,Apidae,Hymenoptera,Insecta,Arthropoda,Animal,Dwarf honey bee
Apis mellifera capensis,A. mellifera capensis,Apis,Apidae,Hymenoptera,Insecta,Arthropoda,Animal,Cape honey bee
Apis mellifera scutellata,A. mellifera scutellata,Apis,Apidae,Hymenoptera,Insecta,Arthropoda,Animal,African honey bee
Apis mellifera scutellata (hybrid),A. mellifera scutellata (hybrid),Apis,Apidae,Hymenoptera,Insecta,Arthropoda,Animal,Africanized honey bee
Australian bat lyssavirus,Lyssavirus,Rhabdoviridae,Mononegavirales,Virus,Australian bat lyssavirus
Avian metapneumovirus,Metapneurovirus,Rhabdoviridae,Mononegavirales,Virus,Turkey rhinotracheitis
Babesia,Babesia,Babesiidae,Pirpolasmorida,Aconocoidasida,Myzozoa,Chromista,Babesiosis
Babesia caballi,B. caballi,Babesia,Babesiidae,Pirpolasmorida,Aconocoidasida,Myzozoa,Chromista,Equine pirpoplasmosis
Babesia equi,B. equi,Babesia,Babesiidae,Pirpolasmorida,Aconocoidasida,Myzozoa,Chromista,Equine babesiosis,Equine piroplasmosis
Bacillus anthracis,B. anthracis,Bacillus,Bacillaceae,Bacillales,Bacilli,Firmicutes,Bacteria,Anthrax
Bactericera cockerelli,B. cockerelli,Bactericera,Triozidae,Hemiptera,Insecta,Arthropoda,Animal,Potato psyllid
Bactrocera albistrigata,B. albistrigata,Bactrocera,Tephritidae,Diptera,Insecta,Arthropoda,Animal,White striped fruit fly
Bactrocera atrisetosa,B. atrisetosa,Bactrocera,Tephritidae,Diptera,Insecta,Arthropoda,Animal,Fruit fly
Bactrocera carambolae,B. carambolae,Bactrocera,Tephritidae,Diptera,Insecta,Arthropoda,Animal,Carambola fruit fly
Bactrocera caryeae,B. caryeae,Bactrocera,Tephritidae,Diptera,Insecta,Arthropoda,Animal,Fruit fly
Bactrocera correcta,B. correcta,Bactrocera,Tephritidae,Diptera,Insecta,Arthropoda,Animal,Guava fruit fly
Bactrocera curvipennis,B. curvipennis,Bactrocera,Tephritidae,Diptera,Insecta,Arthropoda,Animal,Banana fruit fly
Bactrocera decipiens,B. decipiens,Bactrocera,Tephritidae,Diptera,Insecta,Arthropoda,Animal,Pumpkin fruit fly
Bactrocera dorsalis,B. dorsalis,Bactrocera,Tephritidae,Diptera,Insecta,Arthropoda,Animal,Oriental fruit fly
Bactrocera facialis,B. facialis,Bactrocera,Tephritidae,Diptera,Insecta,Arthropoda,Animal,Tropical fruit fly
Bactrocera kandiensis,B. kandiensis,Bactrocera,Tephritidae,Diptera,Insecta,Arthropoda,Animal,Fruit fly
Bactrocera kirki,B. kirki,Bactrocera,Tephritidae,Diptera,Insecta,Arthropoda,Animal,Fijian fruit fly
Bactrocera latifrons,B. latifrons,Bactrocera,Tephritidae,Diptera,Insecta,Arthropoda,Animal,Solanum fruit fly,Neorhagoletis latifrons
Bactrocera melanotus,B. melanotus,Bactrocera,Tephritidae,Diptera,Insecta,Arthropoda,Animal,Fruit fly
Bactrocera minax,B. minax,Bactrocera,Tephritidae,Diptera,Insecta,Arthropoda,Animal,Chinese citrus fly
Bactrocera occipitalis,B. occipitalis,Bactrocera,Tephritidae,Diptera,Insecta,Arthropoda,Animal,Fruit fly
Bactrocera oleae,B. oleae,Bactrocera,Tephritidae,Diptera,Insecta,Arthropoda,Animal,Olive fly
Bactrocera passiflorae,B. passiflorae,Bactrocera,Tephritidae,Diptera,Insecta,Arthropoda,Animal,Fijian fruit fly
Bactrocera psidii,B. psidii,Bactrocera,Tephritidae,Diptera,Insecta,Arthropoda,Animal,South sea guava fruit fly
Bactrocera tau,B. tau,Bactrocera,Tephritidae,Diptera,Insecta,Arthropoda,Animal,Pumpkin fruit fly
Bactrocera trilineola,B. trilineola,Bactrocera,Tephritidae,Diptera,Insecta,Arthropoda,Animal,Fruit fly
Bactrocera trivialis,B. trivialis,Bactrocera,Tephritidae,Diptera,Insecta,Arthropoda,Animal,New Guinea fruit fly
Bactrocera tsuneonis,B. tsuneonis,Bactrocera,Tephritidae,Diptera,Insecta,Arthropoda,Animal,Japanese orange fly
Bactrocera umbrosa,B. umbrosa,Bactrocera,Tephritidae,Diptera,Insecta,Arthropoda,Animal,Breadfruit fly
Bactrocera xanthodes,B. xanthodes,Bactrocera,Tephritidae,Diptera,Insecta,Arthropoda,Animal,Pacific fruit fly
Bactrocera zonata,B. zonata,Bactrocera,Tephritidae,Diptera,Insecta,Arthropoda,Animal,Peach fruit fly
Bluetongue virus,Orbivirus,Reoviridae,Virus,Bluetongue
Borna disease virus,Orthobornavirus,Bornaviridae,Mononegavirales,Virus,Borna disease
Bovine leukemia virus,Deltaretrovirus,Retroviridae,Ortervirales,Virus,Enzootic bovine leucosis
Bovine spongiform encephalopathy,Transmissible spongiform encephalopathies,Mad cow disease,Transmissible spongiform encephalopathy,Prion disease
Bovine viral diarrhoea virus,Pestivirus,Flaviviridae,Virus,Bovine viral diarrhoea,Bovine viral diarrhea,Bovine pestivirus
Brucella abortus,B. abortus,Brucella,Brucellaceae,Rhizobiales,Alphaproteobacteria,Proteobacteria,Bacteria,Brucellosis
Brucella canis,B. canis,Brucella,Brucellaceae,Rhizobiales,Alphaproteobacteria,Proteobacteria,Bacteria,Brucellosis
Brucella melitensis,B. melitensis,Brucella,Brucellaceae,Rhizobiales,Alphaproteobacteria,Proteobacteria,Bacteria,Brucellosis
Brucella suis,B. suis,Brucella,Brucellaceae,Rhizobiales,Alphaproteobacteria,Proteobacteria,Bacteria,Brucellosis
Bungowannah virus,Pestivirus,Flaviviridae,Virus,Porcine myocarditis
Burkholderia mallei,B. mallei,Burkholderia,Burkholderiaceae,Burkholderiales,Betaproteobacteria,Proteobacteria,Bacteria,Glanders
Bursaphelenchus cocophilus,B. cocophilus,Bursaphelenchus,Aphelenchoididae,Tylenchida,Secernentea,Nematoda,Animal,Red ring disease
Bursaphelenchus xylophilus,B. xylophilus,Bursaphelenchus,Aphelenchoididae,Tylenchida,Secernentea,Nematoda,Animal,Pine wilt nematode
Camelpox virus,Orthopoxvirus,Poxviridae,Virus,Camel pox
Candidatus Liberibacter africanus,Candidatus Liberibacter africanus,Candidatus Liberibacter,Rhizobiaceae,Rhizobiales,Alphaproteobacteria,Proteobacteria,Bacteria,Huanglongbing,Asian/African citrus psyllid complex
Candidatus Liberibacter americanus,Candidatus Liberibacter americanus,Candidatus Liberibacter,Rhizobiaceae,Rhizobiales,Alphaproteobacteria,Proteobacteria,Bacteria,Huanglongbing,Asian/African citrus psyllid complex
Candidatus Liberibacter asiaticus,Candidatus Liberibacter asiaticus,Liberobacter,Rhizobiaceae,Rhizobiales,Alphaproteobacteria,Proteobacteria,Bacteria,Huanglongbing,Asian/African citrus psyllid complex
Candidatus Liberibacter solanacearum,Candidatus Liberibacter solanacearum,Candidatus Liberibacter,Rhizobiaceae,Rhizobiales,Alphaproteobacteria,Proteobacteria,Bacteria,Zebra chip,Tomato-potato psyllid complex
Cephus cinctus,C. cinctus,Cephus,Cephidae,Hymenoptera,Insecta,Arthropoda,Animal,Wheat stem sawfly
Cephus pygmeus,C. pygmeus,Cephus,Cephidae,Hymenoptera,Insecta,Arthropoda,Animal,Wheat stem sawfly
Ceratitis capitata,C. capitata,Ceratitis,Tephritidae,Diptera,Insecta,Arthropoda,Animal,Mediterranean fruit fly
Ceratitis rosa,C. rosa,Ceratitis,Tephritidae,Diptera,Insecta,Arthropoda,Animal,Natal fruit fly
Chilo auricilia,C. auricilia,Chilo,Crambidae,Lepidoptera,Insecta,Arthropoda,Animal,Gold-fringed rice stemborer
Chilo infuscatellus,C. infuscatellus,Chilo,Crambidae,Lepidoptera,Insecta,Arthropoda,Animal,Yellow top borer of sugarcane
Chilo orichalcociliella,C. orichalcociliella,Chilo,Crambidae,Lepidoptera,Insecta,Arthropoda,Animal,Spotted stem borer
Chilo partellus,C. partellus,Chilo,Crambidae,Lepidoptera,Insecta,Arthropoda,Animal,Spotted stalk borer
Chilo polychrysa,C. polychrysa,Chilo,Crambidae,Lepidoptera,Insecta,Arthropoda,Animal,Dark-headed striped borer
Chilo sacchariphagus,C. sacchariphagus,Chilo,Crambidae,Lepidoptera,Insecta,Arthropoda,Animal,Spotted sugarcane borer
Chilo terrenellus,C. terrenellus,Chilo,Crambidae,Lepidoptera,Insecta,Arthropoda,Animal,Sugarcane stalk borer
Chlamydophila abortus,C. abortus,Chlamydia,Chlamydiaceae,Chlamydiales,Chlamydiae,Chlamydiae,Bacteria,enzootic abortion of ewes,ovine chlamydiosis
Chochliomyia hominivorax,C. hominivorax,Cochliomyia,Calliphoridae,Diptera,Insecta,Arthropoda,Animal,New World screw-worm fly,screw-worm
Chronic wasting disease,Transmissible spongiform encephalopathies,Transmissible spongiform encephalopathy,Prion disease
Chrysomya bezziana,C. bezziana,Chrysomya,Stratiomyidae,Diptera,Insecta,Arthropoda,Animal,Screw-worm fly
Classical swine fever virus,Pestivirus,Flaviviridae,Virus,Classical swine fever
Coptotermes formosanus,C. formosanus,Coptotermes,Rhinotermitidae,Blattodea,Insecta,Arthropoda,Animal,Formosan subterranean termite
Coptotermes gestroi,C. gestroi,Coptotermes,Rhinotermitidae,Blattodea,Insecta,Arthropoda,Animal,Asian subterranean termite
Crimean-Congo haemorrhagic fever virus,Nairovirus,Nairoviridae,Bunyavirales,Virus,Crimean-Congo haemorrhagic fever
Cryptotermes brevis,C. brevis,Cryptotermes,Kalotermitidae,Blattodea,Insecta,Arthropoda,Animal,West Indian drywood termite
Cryptotermes dudleyi,C. dudleyi,Cryptotermes,Kalotermitidae,Blattodea,Insecta,Arthropoda,Animal,Drywood termite
Cysticercus cellulosae,C. cellulosae,Cysticercus,Taeniidae,Cyclophyllidea,Cestoda,Platyhelminthes,Animal,Porcine cysticercosis
Devil facial tumor disease,Devil facial tumour,Devil facial tumor,Devil facial tumour disease
Diaphorina citri,D. citri,Diaphorina,Liviidae,Hemiptera,Insecta,Arthropoda,Animal,Asian citrus psyllid
Dilobopterus costalimai,D. costalimai,Dilobopterus,Cicadellidae,Hemiptera,Insecta,Arthropoda,Animal,Sharpshooter
Diuraphis noxia,D. noxia,Diuraphis,Aphididae,Hemiptera,Insecta,Arthropoda,Animal,Russian wheat aphid
Draeculacephala minerva,D. minerva,Draeculacephala,Cicadellidae,Hemiptera,Insecta,Arthropoda,Animal,Grass sharpshooter,Green sharpshooter
Drosophila suzukii,D. suzukii,Drosophila,Drosophilidae,Diptera,Insecta,Arthropoda,Animal,Spotted winged drosophila
Duck astrovirus type 1,Aphthovirus,Picornaviridae,Picornavirales,Virus,Duck virus hepatitis
Eastern equine encephalomyelitis virus,Alphavirus,Togaviridae,Virus,Equine encephalomyelitis,Eastern equine encephalitis virus
Echinococcus multilocularis,E. multilocularis,Echinococcus,Taeniidae,Cyclophyllidea,Cestoda,Platyhelminthes,Animal,Echinococcosis
Ehrlichia ruminantium,E. ruminantium,Ehrlichia,Anaplasmataceae,Rickettsiales,Alphaproteobacteria,Proteobacteria,Bacteria,Heartwater
Epizootic haemorrhagic disease virus,Orbivirus,Reoviridae,Virus,Hepizootic haemorrhagic disease
Equid alphaherpesvirus 1,Varicellovirus,Herpesviridae,Herpesvirales,Virus,equid herpesvirus-1
Equine arteritis virus,Equartevirus,Arteriviridae,Nidovirales,Virus,Equine viral arteritis
Equine encephalosis virus,Orbivirus,Reoviridae,Virus,Equine encephalosis
Equine infectious anaemia virus,Lentivirus,Retroviridae,Ortervirales,Virus,Equine infectious anaemia
Equine influenza virus,Alphainfluenzavirus,Orthomyxoviridae,Virus,Equine influenza
Erwinia amylovora,E. amylovora,Erwinia,Enterobacteriaceae,Enterobacteriales,Gammaproteobacteria,Proteobacteria,Bacteria,Fire blight
Eurygaster integriceps,E. integriceps,Eurygaster,Scutelleridae,Hemiptera,Insecta,Arthropoda,Animal,Sunn pest
Feline spongiform encephalopathy,Transmissible spongiform encephalopathies,Transmissible spongiform encephalopathy,Prion disease
Foot-and-mouth disease virus,Aphthovirus,Picornaviridae,Picornavirales,Virus,Foot-and-mouth disease
Francisella tularensis,F. tularensis,Francisella,Francisellaceae,Thiotrichales,Gammaproteobacteria,Proteobacteria,Bacteria,Tularaemia
Fusarium oxysporum f. sp. cubense Tropical Race 4,F. oxysporum f. sp. cubense Tropical Race 4,Fusarium,Nectriaceae,Hypocreales,Sordariomycetes,Ascomycota,Fungi,Panama disease Tropical Race 4,Fusarium oxysporum
Fusarium oxysporum f. sp. vasinfectum,F. oxysporum f. sp. Vasinfectum,Fusarium,Nectriaceae,Hypocreales,Sordariomycetes,Ascomycota,Fungi,Fusarium wilt,Fusarium oxysporum
Getah virus,Alphavirus,Togaviridae,Virus,Getah virus
Globodera pallida,G. pallida,Globodera,Heteroderidae,Tylenchida,Secernentea,Nematoda,Animal,Potato cyst nematode
Globodera rostochiensis,G. rostochiensis,Globodera,Heteroderidae,Tylenchida,Secernentea,Nematoda,Animal,Potato cyst nematode
Goatpox virus,Capripoxvirus,Poxviridae,Virus,Goat pox
Graphocephala atropunctata,G. atropunctata,Graphocephala,Cicadellidae,Hemiptera,Insecta,Arthropoda,Animal,blue-green sharpshooter
Halyomorpha halys,H. halys,Halyomorpha,Pentatomidae,Hemiptera,Insecta,Arthropoda,Animal,Brown-marmorated stink bug
Hendra henipavirus,Henipavirus,Paramyxoviridae,Mononegavirales,Virus,Hendra virus
Heterodera avenae,H. avenae,Heterodera,Heteroderidae,Tylenchida,Secernentea,Nematoda,Animal,Cereal cyst nematode
Heterodera carotae,H. carotae,Heterodera,Heteroderidae,Tylenchida,Secernentea,Nematoda,Animal,Carrot cyst nematode
Heterodera ciceri,H. ciceri,Heterodera,Heteroderidae,Tylenchida,Secernentea,Nematoda,Animal,Chickpea cist nematode
Heterodera filipjevi,H. filipjevi,Heterodera,Heteroderidae,Tylenchida,Secernentea,Nematoda,Animal,Cereal cyst nematode
Heterodera glycines,H. glycines,Heterodera,Heteroderidae,Tylenchida,Secernentea,Nematoda,Animal,Soybean cyst nematode
Heterodera latipons,H. latipons,Heterodera,Heteroderidae,Tylenchida,Secernentea,Nematoda,Animal,Cereal cyst nematode
Heterodera zeae,H. zeae,Heterodera,Heteroderidae,Tylenchida,Secernentea,Nematoda,Animal,Maize cyst nematode
Histoplasma farciminosum,H. farciminosum,Histoplasma,Ajellomycetaceae,Onygenales,Eurotiomycetes,Ascomycota,Fungi,Epizootic lymphangitis
Homalodisca vitripennis,H. vitripennis,Homalodisca,Cicadellidae,Hemiptera,Insecta,Arthropoda,Animal,Glassy winged sharpshooter,Glassy-winged sharpshooter
Hylesia nigricans,H. nigricans,Hylesia,Saturniidae,Lepidoptera,Insecta,Arthropoda,Animal,Burning moth
Hypoderma,H. Hypoderma,Hypoderma,Oestridae,Diptera,Insecta,Arthropoda,Animal,Warble-fly myiasis
Incisitermes minor,I. minor,Incisitermes,Kalotermitidae,Blattodea,Insecta,Arthropoda,Animal,Western drywood termite
Infectious bursal disease virus,Avibirnavirus,Birnaviridae,Virus,Infectious bursal disease
Influenza A virus,Alphainfluenzavirus,Orthomyxoviridae,Virus,Avian influenza
Influenza A virus,Alphainfluenzavirus,Orthomyxoviridae,Virus,Influenza A viruses in swine
Jaagsiekte sheep retrovirus,Betaretrovirus,Retroviridae,Ortervirales,Virus,Pulmonary adenomatosis,Jaagsiekte
Japanese encephalitis virus,Flavivirus,Flaviviridae,Virus,Japanese encephalitis
Jembrana disease virus,Lentivirus,Retroviridae,Ortervirales,Virus,Jembrana disease
Leishmania,Trypanosomatidae,Trypanosomatina,Kinetoplastea,Euglenozoa,Protist,Leishmaniosis
Lepisiota frauenfeldi,L. frauenfeldi,Lepisiota,Formicidae,Hymenoptera,Insecta,Arthropoda,Animal,Browsing ant
Liriomyza bryoniae,L. bryoniae,Liriomyza,Agromyzidae,Diptera,Insecta,Arthropoda,Animal,Tomato leaf miner
Liriomyza cicerina,L. cicerina,Liriomyza,Agromyzidae,Diptera,Insecta,Arthropoda,Animal,Chickpea leaf miner
Liriomyza huidobrensis,L. huidobrensis,Liriomyza,Agromyzidae,Diptera,Insecta,Arthropoda,Animal,Serpentine leaf miner
Liriomyza sativae,L. sativae,Liriomyza,Agromyzidae,Diptera,Insecta,Arthropoda,Animal,Vegetable leaf miner
Liriomyza trifolii,L. trifolii,Liriomyza,Agromyzidae,Diptera,Insecta,Arthropoda,Animal,American serpentine leaf miner
Lissachatina fulica,L. fulica,Lissachatina,Achatinidae,Eupulmonata,Gastropoda,Mollusca,Animal,Giant African snail
Louping ill virus,Flavivirus,Flaviviridae,Virus,Louping ill
Lumpy skin disease virus,Capripoxvirus,Poxviridae,Virus,Lumpy skin disease
Lygus hesperus,L. hesperus,Lygus,Miridae,Hemiptera,Insecta,Arthropoda,Animal,Western plant bug
Lygus lineolaris,L. lineolaris,Lygus,Miridae,Hemiptera,Insecta,Arthropoda,Animal,Tarnished plant bug
Lymantria albescens,L. albescens,Lymantria,Erebidae,Lepidoptera,Insecta,Arthropoda,Animal,Exotic gypsy moth
Lymantria atemeles,L. atemeles,Lymantria,Erebidae,Lepidoptera,Insecta,Arthropoda,Animal,Exotic gypsy moth
Lymantria concolor,L. concolor,Lymantria,Erebidae,Lepidoptera,Insecta,Arthropoda,Animal,Exotic gypsy moth
Lymantria dispar asiatica,L. dispar asiatica,Lymantria,Erebidae,Lepidoptera,Insecta,Arthropoda,Animal,Exotic gypsy moth
Lymantria dispar dispar,L. dispar dispar,Lymantria,Erebidae,Lepidoptera,Insecta,Arthropoda,Animal,Exotic gypsy moth
Lymantria dispar japonica,L. dispar japonica,Lymantria,Erebidae,Lepidoptera,Insecta,Arthropoda,Animal,Exotic gypsy moth
Lymantria dispar umbrosa,L. dispar umbrosa,Lymantria,Erebidae,Lepidoptera,Insecta,Arthropoda,Animal,Exotic gypsy moth
Lymantria dissolute,L. dissolute,Lymantria,Erebidae,Lepidoptera,Insecta,Arthropoda,Animal,Exotic gypsy moth
Lymantria fumida,L. fumida,Lymantria,Erebidae,Lepidoptera,Insecta,Arthropoda,Animal,Exotic gypsy moth
Lymantria marginata,L. marginata,Lymantria,Erebidae,Lepidoptera,Insecta,Arthropoda,Animal,Exotic gypsy moth
Lymantria Mathura,L. mathura,Lymantria,Erebidae,Lepidoptera,Insecta,Arthropoda,Animal,Exotic gypsy moth
Lymantria minomonis,L. minomonis,Lymantria,Erebidae,Lepidoptera,Insecta,Arthropoda,Animal,Exotic gypsy moth
Lymantria monachal,L. monachal,Lymantria,Erebidae,Lepidoptera,Insecta,Arthropoda,Animal,Exotic gypsy moth
Lymantria postalba,L. postalba,Lymantria,Erebidae,Lepidoptera,Insecta,Arthropoda,Animal,Exotic gypsy moth
Lymantria pulverea,L. pulverea,Lymantria,Erebidae,Lepidoptera,Insecta,Arthropoda,Animal,Exotic gypsy moth
Lymantria sinica,L. sinica,Lymantria,Erebidae,Lepidoptera,Insecta,Arthropoda,Animal,Exotic gypsy moth
Lymantria xylina,L. xylina,Lymantria,Erebidae,Lepidoptera,Insecta,Arthropoda,Animal,Exotic gypsy moth
Mayetiola destructor,M. destructor,Mayetiola,Cecidomyiidae,Diptera,Insecta,Arthropoda,Animal,Hessian fly
Mayetiola hordei,M. hordei,Mayetiola,Cecidomyiidae,Diptera,Insecta,Arthropoda,Animal,Barley stem gall midge
Melissococcus plutonius,M. plutonius,Melissococcus,Enterococcaceae,Lactobacillales,Bacilli,Firmicutes,Bacteria,European foulbrood
Menangle rubulavirus,Rubulavirus,Paramyxoviridae,Mononegavirales,Virus,Porcine paramyxovirus,Menangle virus
Monochamus alternatus,M. alternatus,Monochamus,Cerambycidae,Coleoptera,Insecta,Arthropoda,Animal,Japanese sawyer beetle
Monochamus galloprovincialis,M. galloprovincialis,Monochamus,Cerambycidae,Coleoptera,Insecta,Arthropoda,Animal,Black pine sawyer beetle
Monochamus obtusus,M. obtusus,Monochamus,Cerambycidae,Coleoptera,Insecta,Arthropoda,Animal,Obtuse sawyer beetle
Monochamus scutellatus,M. scutellatus,Monochamus,Cerambycidae,Coleoptera,Insecta,Arthropoda,Animal,White-spotted sawyer
Monochamus titillator,M. titillator,Monochamus,Cerambycidae,Coleoptera,Insecta,Arthropoda,Animal,Southern pine sawyer
Mycobacterium avium,M. avium,Mycobacterium,Mycobacteriaceae,Actinomycetales,Actinobacteria,Bacteria,Avian tuberculosis
Mycobacterium avium subsp. paratuberculosis,M. paratuberculosis,Mycobacterium,Mycobacteriaceae,Actinomycetales,Actinobacteria,Bacteria,Paratuberculosis,Johne's disease
Mycobacterium bovis,M. bovis,Mycobacterium,Mycobacteriaceae,Actinomycetales,Actinobacteria,Bacteria,Tuberculosis,Bovine tuberculosis
Mycoplasma agalactiae,M. agalactiae,Mycoplasma,Mycoplasmataceae,Mycoplasmatales,Tenericutes,Bacteria,Contagious agalactia
Mycoplasma capricolum subsp. capripneumoniae,M. capricolum capripneumoniae,Mycoplasma,Mycoplasmataceae,Mycoplasmatales,Tenericutes,Bacteria,Contagious caprine pleuropneumonia
Mycoplasma mycoides,M. mycoides,Mycoplasma,Mycoplasmataceae,Mycoplasmatales,Tenericutes,Bacteria
Mycoplasma mycoides subsp. mycoides,M. mycoides mycoides,Mycoplasma,Mycoplasmataceae,Mycoplasmatales,Tenericutes,Bacteria,Contagious bovine pleuropneumonia,Asterococcus mycoides
Nairobi sheep disease orthonairovirus,Orthonairovirus,Nairoviridae,Bunyavirales,Virus,Nairobi sheep disease,Nairobi sheep disease virus
Neonectria ditissima,N. ditissima,Neonectria,Nectriaceae,Hypocreales,Sordariomycetes,Ascomycota,Fungi,European canker
Neorickettsia risticii,N. risticii,Neorickettsia,Anaplasmataceae,Rickettsiales,Alphaproteobacteria,Proteobacteria,Bacteria,Potomac fever
Newcastle disease virus,Avulavirus,Paramyxoviridae,Mononegavirales,Virus,Newcastle disease
Nipah henipavirus,Henipavirus,Paramyxoviridae,Mononegavirales,Virus,Nipah virus
Nylanderia fulva,N. fulva,Nylanderia,Formicidae,Hymenoptera,Insecta,Arthropoda,Animal,Raspberry crazy ant,Paratrechina fulva
Oncometopia facialis,O. facialis,Oncometopia,Cicadellidae,Hemiptera,Insecta,Arthropoda,Animal,Sharpshooter
Ophiostoma novo-ulmi,O. novo-ulmi,Ophiostoma,Ophiostomataceae,Ophiostomatales,Ascomycetes,Ascomycota,Fungi,Dutch elm disease
Paenibacillus,Paenibacillus,Paenibacillaceae,Bacillales,Bacilli,Firmicutes,Bacteria
Peste-des-petits-ruminants virus,Morbillivirus,Paramyxoviridae,Mononegavirales,Virus,Peste des petits ruminants,Goat plague,Small ruminant morbillivirus
Philaenus spumarius,P. spumarius,Philaenus,Aphrophoridae,Hemiptera,Insecta,Arthropoda,Animal,Glassy winged sharpshooter
Phymatotrichum omnivorum,P. omnivorum,Phymatotrichum,Rhizinaceae,Pezizales,Pezizomycetes,Ascomycota,Fungi,Texas root rot,Phymatotrichopsis ominvora
Phytophthora infestans,P. infestans,Phytophthora,Pythiaceae,Pythiales,Oomycetes,Oomycota,Chromista,Potato late blight
Phytophthora kernoviae,P. kernoviae,Phytophthora,Pythiaceae,Pythiales,Oomycetes,Oomycota,Chromista,Phytophthora blight
Phytophthora ramorum,P. ramorum,Phytophthora,Pythiaceae,Pythiales,Oomycetes,Oomycota,Chromista,Sudden oak death
Plum pox potyvirus,Plum pox potyvirus,Potyvirus,Potyviridae,Virus,Sharka
Pomacea canaliculata,P. canaliculata,Pomacea,Ampulariidae,Architaenioglossa,Gastropoda,Mollusca,Animal,Golden apple snail
Porcine circovirus 2,Circovirus,Circoviridae,Virus,Porcine circovirus disease,Porcine circovirus type 2
Porcine epidemic diarrhea virus,Alphacoronavirus,Coronaviridae,Nidovirales,Virus,Porcine epidemic diarrhoea,porcine epidemic diarrhoea virus
Porcine reproductive and respiratory syndrome virus,,Porartevirus,Arteriviridae,Nidovirales,Virus,Porcine reproductive and respiratory disease
Pseudocercospora fijiensis,P. fijiensis,Pseudocercospora,Mycosphaerellaceae,Capnodiales,Dothideomycetes,Ascomycota,Fungi,Black sigatoka,Mycosphaerella fijiensis
Psoroptes ovis,P. ovis,Psoroptes,Psoroptidae,Astigmata,Arachnida,Arthropoda,Animal,Sheep scab
Puccinia graminis f. sp. tritici,P. graminis f. sp. tritici,Puccinia,Pucciniaceae,Uredinales,Urediniomycetes,Basidiomycota,Fungi,Stem rust of wheat,Ug99,Puccinia graminis
Puccinia psidii,P. psidii,Puccinia,Pucciniaceae,Uredinales,Urediniomycetes,Basidiomycota,Fungi,Guava rust,Eucalyptus rust
Puccinia striiformis f. sp. hordei,P. striiformis f. sp. Hordei,Puccinia,Pucciniaceae,Pucciniales,Pucciniomycetes,Basidiomycota,Fungi,Barley stripe rust
Rabies lyssavirus,Lyssavirus,Rhabdoviridae,Mononegavirales,Virus,Rabies,rabies virus
Rhagoletis complete,R. complete,Rhagoletis,Tephritidae,Diptera,Insecta,Arthropoda,Animal,Walnut husk fly
Rhagoletis fausta,R. fausta,Rhagoletis,Tephritidae,Diptera,Insecta,Arthropoda,Animal,Black chery fruit fly
Rhagoletis indifferens,R. indifferens,Rhagoletis,Tephritidae,Diptera,Insecta,Arthropoda,Animal,Western cherry fruit fly
Rift Valley fever phlebovirus,Phlebovirus,Phenuiviridae,Bunyavirales,Virus,Rift Valley fever,Rift Valley fever virus
Rinderpest morbillivirus,Morbillivirus,Paramyxoviridae,Mononegavirales,Virus,Rinderpest,rinderpest virus
Salmonella abortus-equi,S. abortus-equi,Salmonella,Enterobacteriaceae,Enterobacteriales,Gammaproteobacteria,Proteobacteria,Bacteria,Salmonella abortusequi
Salmonella abortus-ovis,S. abortus-ovis,Salmonella,Enterobacteriaceae,Enterobacteriales,Gammaproteobacteria,Proteobacteria,Bacteria,Ovine salmonellosis,Salmonella abortusovis
Salmonella enteritidis,S. enteritidis,Salmonella,Enterobacteriaceae,Enterobacteriales,Gammaproteobacteria,Proteobacteria,Bacteria,Salmonella enterica serotype enteritidis
Salmonella gallinarum,S. gallinarum,Salmonella,Enterobacteriaceae,Enterobacteriales,Gammaproteobacteria,Proteobacteria,Bacteria,Fowl typhoid
Salmonella pullorum,S. pullorum,Salmonella,Enterobacteriaceae,Enterobacteriales,Gammaproteobacteria,Proteobacteria,Bacteria,Pullorum disease,Bacillary white diarrhoea
Scrapie prion,Transmissible spongiform encephalopathies,Transmissible spongiform encephalopathy,Scrapie,Prion disease
Sheeppox virus,Capripoxvirus,Poxviridae,Virus,Sheep pox
Solenopsis invicta,S. invicta,Solenopsis,Formicidae,Hymenoptera,Insecta,Arthropoda,Animal,Red imported fire ant
Suid herpesvirus 1,Varicellovirus,Herpesviridae,Herpesvirales,Virus,Aujeszky's disease,Aujeszky's disease virus
Swine influenza virus,Orthomyxoviridae,Virus,Swine influenza
Swine vesicular disease virus,Enterovirus,Picornaviridae,Picornavirales,Virus,Swine vesicular disease
Taenia saginata,T. saginata,Taenia,Linguatulidae,Porocephalida,Maxillopoda,Arthropoda,Animal,Beef tapeworm,Taeniarhynchus saginatus
Taylorella equigenitalis,T. equigenitalis,Taylorella,Alcaligenaceae,Burkholderiales,Betaproteobacteria,Proteobacteria,Bacteria,Contagious equine metritis
Teschovirus A,Teschovirus,Picornaviridae,Picornavirales,Virus,Teschen disease,Enterovirus encephalomyelitis
Theileria equi,T. equi,Theileria,Theileriidae,Pirpolamida,Labyrinthulea,Bigyra,Chromista,Equine pirpoplasmosis
Theileria parva,T. parva,Theileria,Theileriidae,Pirpolamida,Labyrinthulea,Bigyra,Chromista,East coast fever,Theileriosis
Tick-borne encephalitis virus,Flavivirus,Flaviviridae,Virus,Encephalitides
Tilletia indica,T. indica,Tilletia,Tilletiaceae,Tilletiales,Ustilaginomycetes,Basidiomycota,Fungi,Karnal bunt
Toxotrypana curvicauda,T. curvicauda,Toxotrypana,Tephritidae,Diptera,Insecta,Arthropoda,Animal,Papaya fly
Transmissible gastroenteritis virus,Alphacoronavirus,Coronaviridae,Nidovirales,Virus,Transmissible gastroenteritis
Trichinella,Trichinella,Trichinellidae,Trichocephalida,Dorylaimea,Nematoda,Animal,Trichinellosis
Trioza erytreae,T. erytreae,Trioza,Triozidae,Hemiptera,Insecta,Arthropoda,Animal,African citrus psyllid
Trogoderma granarium,T. granarium,Trogoderma,Dermestidae,Coleoptera,Insecta,Arthropoda,Animal,Khapra beetle
Tropilaelaps clareae,T. clareae,Tropilaelaps,Laelapidae,Mesostigmata,Arachnida,Arthropoda,Animal,Tropilaelaps mite
Tropilaelaps clareae,T. clareae,Tropilaelaps,Laelapidae,Mesostigmata,Arachnida,Arthropoda,Animal
Tropilaelaps mercedesae,T. mercedesae,Tropilaelaps,Laelapidae,Mesostigmata,Arachnida,Arthropoda,Animal,Tropilaelaps mite
Trypanosoma,Trypanosoma,Trypanosomatidae,Trypanosomatina,Kinetoplastea,Euglenozoa,Protist
Trypanosoma cruzi,T. cruzi,Trypanosoma,Trypanosomatidae,Trypanosomatina,Kinetoplastea,Euglenozoa,Protist,Chagas disease,Trypanosomiasis
Trypanosoma equiperdum,T. equiperdum,Trypanosoma,Trypanosomatidae,Trypanosomatina,Kinetoplastea,Euglenozoa,Protist,Dourine
Trypanosoma evansi,T. evansi,Trypanosoma,Trypanosomatidae,Trypanosomatina,Kinetoplastea,Euglenozoa,Protist,Surra
Varroa destructor,V. destructor,Varroa,Varroidae,Mesostigmata,Arachnida,Arthropoda,Animal,Varroa mite
Varroa destructor,V. destructor,Varroa,Varroidae,Mesostigmata,Acarina,Arthropoda,Animal,Varroa mite
Varroa jacobosoni,V. jacobosoni,Varroa,Varroidae,Mesostigmata,Arachnida,Arthropoda,Animal,Varroa mite
Venezuelan equine encephalomyelitis virus,Alphavirus,Togaviridae,Virus,Venezuelan equine encephalitis,Encephalomyelitis
Vesicular exanthema of swine virus,Vesivirus,Caliciviridae,Virus,Vesicular exanthema
vesicular stomatitis virus,Vesiculovirus,Rhabdoviridae,Mononegavirales,Virus,Vesicular stomatitis
Viral hemorrhagic septicemia virus,Novirhabdovirus,Rhabdoviridae,Mononegavirales,Virus,Haemorrhagic septicaemia
Visna-maedi virus,Lentivirus,Retroviridae,Ortervirales,Virus,Maedi–visna,Visna/maedi virus
Wasmannia auropunctata,W. auropunctata,Wasmannia,Formicidae,Hymenoptera,Insecta,Arthropoda,Animal,Electric ant
Wesselsbron virus,Flavivirus,Flaviviridae,Virus,Wesselsbron disease
West Nile virus,Flavivirus,Flaviviridae,Virus,West Nile virus
Western equine encephalitis virus,Alphavirus,Togaviridae,Virus,Western equine encephalomyelitis,Western equine encephalomyelitis virus
Xanthomonas citri citri,X. citri,Xanthomonas,Xanthomonadaceae,Xanthomonadales,Gammaproteobacteria,Proteobacteria,Bacteria,Citrus canker
Xylella fastidiosa,X. fastidiosa,Xylella,Xanthomonadaceae,Xanthomonadales,Gammaproteobacteria,Proteobacteria,Bacteria,Pierce's disease,California vine disease,Variegated chlorosis,Almond leaf scorch,Anaheim disease,Dwarf,Leaf scald,Leaf scorch,Phony disease
Xyphon fulgidum,X. fulgidum,Xyphon,Cicadellidae,Hemiptera,Insecta,Arthropoda,Animal,Red-headed sharpshooter
Zeugodacus cucurbitae,Z. cucurbitae,Bactrocera,Tephritidae,Diptera,Insecta,Arthropoda,Animal,Melon fruit fly,Bactrocera cucurbitae
